{
  "books": [
    {
      "id": 1,
      "name": "טוהר",
      "author": "ג'ונתן פראנזן",
      "bookImage": "purity.jpg",
      "yearOfPublish": 2014,
      "bookPrice": 15,
      "inStock": false,
      "bookIsbn": "XXt56s7-d978e",
      "category": "war",
      "rating" : 4,
      "desc": "הרומן החמישי של פראנזן ('התיקונים') הוא גם השאפתני ביותר שלו – מתפרש על פני שלוש מדינות, מובל על ידי שלוש דמויות ראשיות ומתפרש על פני יותר מ-600 עמודים. מצד שני, הוא גם חכם, מהנה ומעודכן, כך שאולי זה לא בהכרח דבר רע."
    },
    {
      "id": 2,
      "name": "הנני",
      "author": "ג'ונתן ספרן פויר",
      "bookImage": "hereiam2.jpg",
      "yearOfPublish": 2015,
      "bookPrice": 32,
      "inStock": true,
      "bookIsbn": "XXt56s7-d978e",
      "category": "adventure",
      "rating" : 3,
      "desc": "יותר מעשור אחרי ספרו האחרון, ספרן-פויר נוטש את הסגנון האקספרימנטלי של \"קרוב להפליא ורועש להחריד\" כדי לעקוב אחרי קורותיה של משפחה יהודית-אמריקאית מן השורה שמתפרקת לגורמים, מבפנים ומבחוץ – התפוררות הנישואים מתרחשת במקביל ל, ובכן, השמדתה של ישראל. לונה-פארק של שנינויות, עם סיום חזק ומרגש על מהותה של התבגרות אמיתית.\n"
    },
    {
      "id": 3,
      "name": "טלגרף אווניו",
      "author": "מייקל שייבון",
      "bookImage": "telegrafavenue.jpg",
      "yearOfPublish": 2017,
      "bookPrice": 22,
      "inStock": true,
      "bookIsbn": "XXt56s7-d978e",
      "category": "adventure",
      "rating" : 1,
      "desc": "גם שייבון מצטרף למועדון הסופרים האמריקאיים הנחשבים שהוציאו השנה ספר עב וכרס שנחשב לשאפתני ביותר שלהם. ספרו החדש הוא מחווה לתרבות הפופולרית של ארה\"ב בעשורים האחרונים, בה מוחדרת ביקורת על היחסים הגזעיים במדינה."
    },
    {
      "id": 4,
      "name": "תחנה אחת-עשרה",
      "author": "אמילי סנט ג'ון מנדל",
      "bookImage": "elevnth.jpg",
      "yearOfPublish": 2016,
      "bookPrice": 11,
      "inStock": false,
      "bookIsbn": "XXt56s7-d978e",
      "category": "adventure",
      "rating" : 3,
      "desc": "דיסטופיה לא שגרתית: מגפה קטלנית מחקה אחוז ניכר מהאנושות מעל פני האדמה, האינטרנט וכל כלי התקשורת נפלו, התחבורה העולמית הושבתה. אבל מה עם השורדים – האם עצם ההישרדות הוא תירוץ מספיק לחייהם? הספר הזה עוקב אחרי קבוצת מוזיקאים ואנשי תיאטרון שניצלו מהמגפה ומנסים למצוא את עצמם בעולם החדש, עשרים שנה לאחר שפרצה. "
    },
    {
      "id": 5,
      "name": "הסיפור של מי שברחו ושל מי שנשארו",
      "author": "אלנה פרנטה",
      "bookImage": "elena2.jpg",
      "yearOfPublish": 2016,
      "bookPrice": 15,
      "inStock": false,
      "bookIsbn": "XXt56s7-d978e",
      "category": "romance",
      "rating" : 5,
      "desc": "הספר השלישי והמצופה בסדרת הרומנים הנפוליטניים, שהפכה ללא פחות מתופעה תרבותית. המשך לעלילותיהן רבות התהפוכות של אלנה ולילה, שמדביקות לכיסא גם אנשים שלא קראו ספר זה שנים."

    },
    {
      "id": 6,
      "name": "הקונפורמיסט",
      "author": "אלברטו מורביה",
      "bookImage": "alberto.jpg",
      "yearOfPublish": 2017,
      "bookPrice": 32,
      "inStock": true,
      "bookIsbn": "XXt56s7-d978e",
      "category": "romance",
      "rating" : 3,
      "desc": "הספר שהפך את אלברטו מורביה לאחד הסופרים הפוסט-מלחמתיים הנקראים בעולם. סוכן סודי של המשטרה האיטלקית מקבל משימה קשה שמעמידה למבחן את נאמנותו למשטר, ועל הדרך מתאהב באישה יוצאת דופן – כי איך אפשר לשפר ספר מלחמה מצוין אם לא עם אהבה?"
    },
    {
      "id": 7,
      "name": "לקום שוב בשעה סבירה",
      "author": "ג'ושוע פריס",
      "bookImage": "joshua.jpg",
      "yearOfPublish": 2015,
      "bookPrice": 15,
      "inStock": true,
      "bookIsbn": "XXt56s7-d978e",
      "category": "romance",
      "rating" : 5,
      "desc": "ספרו של ג'ושוע פריס מתאר את אחד הסיוטים המודרניים הגדולים ביותר: גניבת זהות. והפעם, גניבת זהות במרחב הווירטואלי, כשפול, גיבור הספר, מגלה שמישהו פתח לו חשבונות משלו בכל הרשתות החברתיות ומנהל אותם בעצמו, והטוויסט – אולי אפילו יותר טוב מפול עצמו."
    },
    {
      "id": 8,
      "name": "שב עליי והתחמם",
      "author": "מנחם פרי",
      "bookImage": "perry.jpg",
      "yearOfPublish": 2017,
      "bookPrice": 19,
      "inStock": false,
      "bookIsbn": "XXt56s7-d978e",
      "category": "romance",
      "rating" : 4,
      "desc": "יוסף-חיים ברנר ואוּרי ניסן גנסין הם הפאוור קאפל (הגאה, לפחות) של הספרות העברית, וספרו החדש של מנחם פרי, שנכתב אחרי עבודת מחקר נרחבת, עוקב אחרי היחסים ביניהם - הרומנטיים והיצירתיים כאחד."
    },
    {
      "id": 9,
      "name": "קרבת דם",
      "author": "מתן חרמוני",
      "bookImage": "blood.jpg",
      "yearOfPublish": 2016,
      "bookPrice": 40,
      "inStock": true,
      "bookIsbn": "XXt56s7-d978e",
      "category": "war",
      "rating" : 1,
      "desc": "המספר חוזר לאחר שנים אל עירו באר שבע – ומבקר ברוחו גם בבאר שבע המקורית של נעוריו, מסתובב ברחובות עם חבריו ומנסה דברים בפעם הראשונה. רומן שלישי לסופר זוכה פרס ברנשטיין ופרס ראש הממשלה."
    },
    {
      "id": 10,
      "name": "מעבר לגדר",
      "author": "ג'ונתן לת'ם",
      "bookImage": "lethem.jpg",
      "yearOfPublish": 2017,
      "bookPrice": 15,
      "inStock": false,
      "bookIsbn": "XXt56s7-d978e",
      "category": "war",
      "rating" : 3,
      "desc": "קורותיה של משפחה אמריקאית במאה העשרים, המונהגת ביד רמה על ידי רוז צימר, אם המשפחה הקומוניסטית. מצד אחד אפוס משפחתי, מצד שני רומן בעל שאיפה לאמירה פוליטית גדולה יותר."
    },
    {
      "id": 11,
      "name": "יופי שאין לו תכלית",
      "author": "גי דה מופסן",
      "bookImage": "mufsan.jpg",
      "yearOfPublish": 2016,
      "bookPrice": 22,
      "inStock": true,
      "bookIsbn": "XXt56s7-d978e",
      "category": "war",
      "rating" : 5,
      "desc": "גי דה מופסן נחשב לאחד מאמני הסיפור הקצר הגדולים ביותר בכל הזמנים, והקובץ הזה מציע היכרות מגוונת ומקיפה עם יצירתו – המצחיקה והכואבת כאחד. "
    },
    {
      "id": 12,
      "name": "תוגת ההתנגדות",
      "author": "לאסלו קרסנהורקאי",
      "bookImage": "laslu.jpg",
      "yearOfPublish": 2015,
      "bookPrice": 15,
      "inStock": false,
      "bookIsbn": "XXt56s7-d978e",
      "category": "adventure",
      "rating" : 4,
      "desc": "אספסוף, שהגיע העירה על מנת לחזות בפוחלץ של לווייתן במסגרת קרקס נודד, מחולל התפרעות המונית. הספר עליו מבוסס הסרט \"הרמוניות וורקמייסטר\", וספרו השני של גדול סופרי הונגריה בעת הזאת. "

    },
    {
      "id": 13,
      "name": "שטום",
      "author": "ג'ם לסטר",
      "bookImage": "lester.png",
      "yearOfPublish": 2016,
      "bookPrice": 26,
      "inStock": true,
      "bookIsbn": "XXt56s7-d978e",
      "category": "adventure",
      "rating" : 5,
      "desc": "בן מחליט לזייף פרידה מאשתו כדי להגדיל את הסיכויים להכניס את בנו האוטיסט למוסד שמתאים לו, וכך חוזר עם בנו לביתו של אביו – כך שבבית אחד נדחסים שלושה דורות של גברים לא מתקשרים"
    },
    {
      "id": 14,
      "name": "מרסו, חקירה נגדית",
      "author": "כאמל דאוד",
      "bookImage": "camel.jpg",
      "yearOfPublish": 2017,
      "bookPrice": 15,
      "inStock": false,
      "bookIsbn": "XXt56s7-d978e",
      "category": "romance",
      "rating" : 2,
      "desc":"ב\"הזר\" של קאמי רוצח הגיבור ערבי חסר שם. ספרו הראשון של כאמל דאוד מסופר מעיני אחיו של הנרצח הערבי, ומעניק לקורבן שם, משפחה וחיים משל עצמו."
    },
    {
      "id": 15,
      "name": "השען מאוורטון",
      "author": "ז'ורז' סימנון",
      "bookImage": "simnon.jpg",
      "yearOfPublish": 2015,
      "bookPrice": 44,
      "inStock": true,
      "bookIsbn": "XXt56s7-d978e",
      "category": "romance",
      "rating" : 3,
      "desc": "שתי נובלות של הסופר הצרפתי סימנון – האחת על רוצח סדרתי שחונק נשים מבוגרות, והשני על שען גרוש שחי עם בנו המתבגר בעיירה אמריקאית קטנה. "
    },
    {
      "id": 16,
      "name": "הישראלי הנצחי",
      "author": "ניסן שור",
      "bookImage": "shor.jpg",
      "yearOfPublish": 2017,
      "bookPrice": 22,
      "inStock": false,
      "bookIsbn": "XXt56s7-d978e",
      "category": "war",
      "rating" : 5,
      "desc": "הגיבור של הרומן הוא תסריטאי שחונך מילדות לעזוב את ארצנו הקטנטונת עם בוא ההצלחה, אולם ברגע האמת מגלה שזה לא כזה פשוט – כי בכל פעם שהוא נוסע לחו\"ל גופו מחליט להתמרד נגדו. "

    },
    {
      "id": 17,
      "name": "הזהב של קחמרקה",
      "author": "יאקוב וסרמן",
      "bookImage": "vaserman.jpg",
      "yearOfPublish": 2016,
      "bookPrice": 21,
      "inStock": true,
      "bookIsbn": "XXt56s7-d978e",
      "category": "adventure",
      "rating" : 5,
      "desc": "סיפור היסטורי המתרחש בפרו של המאה ה-16, הנכבשת על ידי הספרדים, שמטרתו לבחון את התנהגותה של נפש האדם במצבי קיצון."
    },
    {
      "id": 18,
      "name": "לחשוב, להתבטל, לטייל",
      "author": "קרול, סטיבנסון, דיקנס, הזליט",
      "bookImage": "carol.jpg",
      "yearOfPublish": 2013,
      "bookPrice": 15,
      "inStock": false,
      "bookIsbn": "XXt56s7-d978e",
      "category": "fantasy",
      "rating" : 2,
      "desc": "קוקטייל ספרותי של 4 סופרים גדולים ביצירות המקדשות פעולות סתמיות לכאורה, חסרות כל מטרה: שוטטות, הסתכלות על התקרה, יציאה אל הטבע, בטלה. "
    },
    {
      "id": 19,
      "name": "דברים שהשתיקה יפה להם",
      "author": "יונתן שגיב",
      "bookImage": "sagiv.jpg",
      "yearOfPublish": 2017,
      "bookPrice": 40,
      "inStock": true,
      "bookIsbn": "XXt56s7-d978e",
      "category": "romance",
      "rating" : 5,
      "desc": "המשך לעלילותיו של עודד \"החופרת\" חפר, הבלש האוחצ'ה הראשון בישראל, והפעם: סיפור שנפתח בחיפוש חתול שאבד, רק שבמקום חתול נמצאה גופה. "
    }
  ]
}